<?xml version="1.0" encoding="utf-8"?>
<category>
    <item>
        <value>211</value>
        <title>캐주얼의류브랜드</title>
    </item>
    <item>
        <value>212</value>
        <title>여성의류브랜드</title>
    </item>
    <item>
        <value>213</value>
        <title>남성의류브랜드</title>
    </item>
    <item>
        <value>214</value>
        <title>언더웨어브랜드</title>
    </item>
    <item>
        <value>215</value>
        <title>슈즈/운동화브랜드</title>
    </item>
    <item>
        <value>216</value>
        <title>가방/잡화브랜드</title>
    </item>
    <item>
        <value>217</value>
        <title>쥬얼리/시계브랜드</title>
    </item>
</category>